"producto interno bruto por sectores de origen, trimestral, pesos corrientes, millones de pesos corrientes",,,,,
año,quarter,nivel1,nive2,nivel3,valor
2007,q1,Agropecuario,Subsector Agricola,Subsector Agricola,11301.86769
2007,q2,Agropecuario,Subsector Agricola,Subsector Agricola,13413.92227
2007,q3,Agropecuario,Subsector Agricola,Subsector Agricola,11127.87492
2007,q4,Agropecuario,Subsector Agricola,Subsector Agricola,15874.27801
2008,q1,Agropecuario,Subsector Agricola,Subsector Agricola,13323.32349
2008,q2,Agropecuario,Subsector Agricola,Subsector Agricola,15964.66283
2008,q3,Agropecuario,Subsector Agricola,Subsector Agricola,12904.26488
2008,q4,Agropecuario,Subsector Agricola,Subsector Agricola,18000.16501
2009,q1,Agropecuario,Subsector Agricola,Subsector Agricola,12421.74447
2009,q2,Agropecuario,Subsector Agricola,Subsector Agricola,17201.58824
2009,q3,Agropecuario,Subsector Agricola,Subsector Agricola,13815.61558
2009,q4,Agropecuario,Subsector Agricola,Subsector Agricola,18668.67077
2010,q1,Agropecuario,Subsector Agricola,Subsector Agricola,12723.57213
2010,q2,Agropecuario,Subsector Agricola,Subsector Agricola,22350.73917
2010,q3,Agropecuario,Subsector Agricola,Subsector Agricola,18622.10916
2010,q4,Agropecuario,Subsector Agricola,Subsector Agricola,20526.58582
2011,q1,Agropecuario,Subsector Agricola,Subsector Agricola,14203.1341
2011,q2,Agropecuario,Subsector Agricola,Subsector Agricola,24565.5867
2011,q3,Agropecuario,Subsector Agricola,Subsector Agricola,21682.11999
2011,q4,Agropecuario,Subsector Agricola,Subsector Agricola,19326.46538
2012,q1,Agropecuario,Subsector Agricola,Subsector Agricola,19441.27227
2012,q2,Agropecuario,Subsector Agricola,Subsector Agricola,28359.70721
2012,q3,Agropecuario,Subsector Agricola,Subsector Agricola,17097.55403
2012,q4,Agropecuario,Subsector Agricola,Subsector Agricola,19153.92468
2013,q1,Agropecuario,Subsector Agricola,Subsector Agricola,17784.71702
2013,q2,Agropecuario,Subsector Agricola,Subsector Agricola,25841.56939
2013,q3,Agropecuario,Subsector Agricola,Subsector Agricola,16568.98254
2013,q4,Agropecuario,Subsector Agricola,Subsector Agricola,24222.16203
2014,q1,Agropecuario,Subsector Agricola,Subsector Agricola,17565.02505
2014,q2,Agropecuario,Subsector Agricola,Subsector Agricola,25689.98267
2014,q3,Agropecuario,Subsector Agricola,Subsector Agricola,19754.18625
2014,q4,Agropecuario,Subsector Agricola,Subsector Agricola,30469.82285
2015,q1,Agropecuario,Subsector Agricola,Subsector Agricola,20423.84983
2015,q2,Agropecuario,Subsector Agricola,Subsector Agricola,27421.21484
2015,q3,Agropecuario,Subsector Agricola,Subsector Agricola,25077.25914
2015,q4,Agropecuario,Subsector Agricola,Subsector Agricola,36981.39296
2016,q1,Agropecuario,Subsector Agricola,Subsector Agricola,25029.03541
2016,q2,Agropecuario,Subsector Agricola,Subsector Agricola,33970.33235
2016,q3,Agropecuario,Subsector Agricola,Subsector Agricola,31216.39009
2007,q1,Agropecuario,"Ganadería, Silvicultura y Pesca","Ganadería, Silvicultura y Pesca",9674.238017
2007,q2,Agropecuario,"Ganadería, Silvicultura y Pesca","Ganadería, Silvicultura y Pesca",10672.63508
2007,q3,Agropecuario,"Ganadería, Silvicultura y Pesca","Ganadería, Silvicultura y Pesca",10812.46338
2007,q4,Agropecuario,"Ganadería, Silvicultura y Pesca","Ganadería, Silvicultura y Pesca",12088.59013
2008,q1,Agropecuario,"Ganadería, Silvicultura y Pesca","Ganadería, Silvicultura y Pesca",10414.02148
2008,q2,Agropecuario,"Ganadería, Silvicultura y Pesca","Ganadería, Silvicultura y Pesca",10725.41476
2008,q3,Agropecuario,"Ganadería, Silvicultura y Pesca","Ganadería, Silvicultura y Pesca",10672.00722
2008,q4,Agropecuario,"Ganadería, Silvicultura y Pesca","Ganadería, Silvicultura y Pesca",13274.86562
2009,q1,Agropecuario,"Ganadería, Silvicultura y Pesca","Ganadería, Silvicultura y Pesca",10482.73484
2009,q2,Agropecuario,"Ganadería, Silvicultura y Pesca","Ganadería, Silvicultura y Pesca",10611.23322
2009,q3,Agropecuario,"Ganadería, Silvicultura y Pesca","Ganadería, Silvicultura y Pesca",10770.19136
2009,q4,Agropecuario,"Ganadería, Silvicultura y Pesca","Ganadería, Silvicultura y Pesca",12575.18142
2010,q1,Agropecuario,"Ganadería, Silvicultura y Pesca","Ganadería, Silvicultura y Pesca",10573.23693
2010,q2,Agropecuario,"Ganadería, Silvicultura y Pesca","Ganadería, Silvicultura y Pesca",10691.0165
2010,q3,Agropecuario,"Ganadería, Silvicultura y Pesca","Ganadería, Silvicultura y Pesca",11018.77376
2010,q4,Agropecuario,"Ganadería, Silvicultura y Pesca","Ganadería, Silvicultura y Pesca",12711.57003
2011,q1,Agropecuario,"Ganadería, Silvicultura y Pesca","Ganadería, Silvicultura y Pesca",10404.02937
2011,q2,Agropecuario,"Ganadería, Silvicultura y Pesca","Ganadería, Silvicultura y Pesca",11067.63976
2011,q3,Agropecuario,"Ganadería, Silvicultura y Pesca","Ganadería, Silvicultura y Pesca",10830.70298
2011,q4,Agropecuario,"Ganadería, Silvicultura y Pesca","Ganadería, Silvicultura y Pesca",12374.72309
2012,q1,Agropecuario,"Ganadería, Silvicultura y Pesca","Ganadería, Silvicultura y Pesca",10933.7066
2012,q2,Agropecuario,"Ganadería, Silvicultura y Pesca","Ganadería, Silvicultura y Pesca",10322.53896
2012,q3,Agropecuario,"Ganadería, Silvicultura y Pesca","Ganadería, Silvicultura y Pesca",10497.42801
2012,q4,Agropecuario,"Ganadería, Silvicultura y Pesca","Ganadería, Silvicultura y Pesca",12485.3557
2013,q1,Agropecuario,"Ganadería, Silvicultura y Pesca","Ganadería, Silvicultura y Pesca",10696.11866
2013,q2,Agropecuario,"Ganadería, Silvicultura y Pesca","Ganadería, Silvicultura y Pesca",11471.61552
2013,q3,Agropecuario,"Ganadería, Silvicultura y Pesca","Ganadería, Silvicultura y Pesca",11163.99335
2013,q4,Agropecuario,"Ganadería, Silvicultura y Pesca","Ganadería, Silvicultura y Pesca",13461.06605
2014,q1,Agropecuario,"Ganadería, Silvicultura y Pesca","Ganadería, Silvicultura y Pesca",11774.43581
2014,q2,Agropecuario,"Ganadería, Silvicultura y Pesca","Ganadería, Silvicultura y Pesca",12780.15367
2014,q3,Agropecuario,"Ganadería, Silvicultura y Pesca","Ganadería, Silvicultura y Pesca",12193.23545
2014,q4,Agropecuario,"Ganadería, Silvicultura y Pesca","Ganadería, Silvicultura y Pesca",14451.17848
2015,q1,Agropecuario,"Ganadería, Silvicultura y Pesca","Ganadería, Silvicultura y Pesca",13202.61467
2015,q2,Agropecuario,"Ganadería, Silvicultura y Pesca","Ganadería, Silvicultura y Pesca",13441.64241
2015,q3,Agropecuario,"Ganadería, Silvicultura y Pesca","Ganadería, Silvicultura y Pesca",12914.51217
2015,q4,Agropecuario,"Ganadería, Silvicultura y Pesca","Ganadería, Silvicultura y Pesca",15506.1213
2016,q1,Agropecuario,"Ganadería, Silvicultura y Pesca","Ganadería, Silvicultura y Pesca",13538.27944
2016,q2,Agropecuario,"Ganadería, Silvicultura y Pesca","Ganadería, Silvicultura y Pesca",14350.64489
2016,q3,Agropecuario,"Ganadería, Silvicultura y Pesca","Ganadería, Silvicultura y Pesca",14012.66681
2007,q1,Industrias,Explotación de Minas y Canteras,Explotación de Minas y Canteras,7481.925237
2007,q2,Industrias,Explotación de Minas y Canteras,Explotación de Minas y Canteras,8927.601195
2007,q3,Industrias,Explotación de Minas y Canteras,Explotación de Minas y Canteras,6753.125476
2007,q4,Industrias,Explotación de Minas y Canteras,Explotación de Minas y Canteras,5335.833939
2008,q1,Industrias,Explotación de Minas y Canteras,Explotación de Minas y Canteras,4213.518472
2008,q2,Industrias,Explotación de Minas y Canteras,Explotación de Minas y Canteras,4090.59394
2008,q3,Industrias,Explotación de Minas y Canteras,Explotación de Minas y Canteras,2973.206093
2008,q4,Industrias,Explotación de Minas y Canteras,Explotación de Minas y Canteras,2061.226894
2009,q1,Industrias,Explotación de Minas y Canteras,Explotación de Minas y Canteras,1842.542593
2009,q2,Industrias,Explotación de Minas y Canteras,Explotación de Minas y Canteras,1990.222811
2009,q3,Industrias,Explotación de Minas y Canteras,Explotación de Minas y Canteras,2211.681976
2009,q4,Industrias,Explotación de Minas y Canteras,Explotación de Minas y Canteras,2300.535174
2010,q1,Industrias,Explotación de Minas y Canteras,Explotación de Minas y Canteras,2171.692405
2010,q2,Industrias,Explotación de Minas y Canteras,Explotación de Minas y Canteras,2144.741826
2010,q3,Industrias,Explotación de Minas y Canteras,Explotación de Minas y Canteras,2152.347709
2010,q4,Industrias,Explotación de Minas y Canteras,Explotación de Minas y Canteras,2375.635802
2011,q1,Industrias,Explotación de Minas y Canteras,Explotación de Minas y Canteras,3755.614037
2011,q2,Industrias,Explotación de Minas y Canteras,Explotación de Minas y Canteras,5329.357747
2011,q3,Industrias,Explotación de Minas y Canteras,Explotación de Minas y Canteras,4887.711019
2011,q4,Industrias,Explotación de Minas y Canteras,Explotación de Minas y Canteras,4586.442852
2012,q1,Industrias,Explotación de Minas y Canteras,Explotación de Minas y Canteras,4664.640034
2012,q2,Industrias,Explotación de Minas y Canteras,Explotación de Minas y Canteras,4217.348323
2012,q3,Industrias,Explotación de Minas y Canteras,Explotación de Minas y Canteras,4146.801876
2012,q4,Industrias,Explotación de Minas y Canteras,Explotación de Minas y Canteras,8338.2857
2013,q1,Industrias,Explotación de Minas y Canteras,Explotación de Minas y Canteras,11760.45912
2013,q2,Industrias,Explotación de Minas y Canteras,Explotación de Minas y Canteras,12168.56368
2013,q3,Industrias,Explotación de Minas y Canteras,Explotación de Minas y Canteras,10805.1328
2013,q4,Industrias,Explotación de Minas y Canteras,Explotación de Minas y Canteras,12318.45312
2014,q1,Industrias,Explotación de Minas y Canteras,Explotación de Minas y Canteras,14013.48556
2014,q2,Industrias,Explotación de Minas y Canteras,Explotación de Minas y Canteras,13345.82086
2014,q3,Industrias,Explotación de Minas y Canteras,Explotación de Minas y Canteras,14004.50354
2014,q4,Industrias,Explotación de Minas y Canteras,Explotación de Minas y Canteras,14023.36394
2015,q1,Industrias,Explotación de Minas y Canteras,Explotación de Minas y Canteras,10151.25054
2015,q2,Industrias,Explotación de Minas y Canteras,Explotación de Minas y Canteras,12162.1407
2015,q3,Industrias,Explotación de Minas y Canteras,Explotación de Minas y Canteras,13359.40038
2015,q4,Industrias,Explotación de Minas y Canteras,Explotación de Minas y Canteras,11161.15912
2016,q1,Industrias,Explotación de Minas y Canteras,Explotación de Minas y Canteras,13478.09135
2016,q2,Industrias,Explotación de Minas y Canteras,Explotación de Minas y Canteras,14439.27055
2016,q3,Industrias,Explotación de Minas y Canteras,Explotación de Minas y Canteras,17948.95036
2007,q1,Industrias,Manufactura Local,Industrias de Alimentos,13132.94221
2007,q2,Industrias,Manufactura Local,Industrias de Alimentos,14345.83154
2007,q3,Industrias,Manufactura Local,Industrias de Alimentos,12232.24983
2007,q4,Industrias,Manufactura Local,Industrias de Alimentos,14915.81354
2008,q1,Industrias,Manufactura Local,Industrias de Alimentos,15604.996
2008,q2,Industrias,Manufactura Local,Industrias de Alimentos,17685.72586
2008,q3,Industrias,Manufactura Local,Industrias de Alimentos,15120.11762
2008,q4,Industrias,Manufactura Local,Industrias de Alimentos,18513.65219
2009,q1,Industrias,Manufactura Local,Industrias de Alimentos,16958.93991
2009,q2,Industrias,Manufactura Local,Industrias de Alimentos,18798.65147
2009,q3,Industrias,Manufactura Local,Industrias de Alimentos,15930.93417
2009,q4,Industrias,Manufactura Local,Industrias de Alimentos,19928.30149
2010,q1,Industrias,Manufactura Local,Industrias de Alimentos,19590.08974
2010,q2,Industrias,Manufactura Local,Industrias de Alimentos,20815.64726
2010,q3,Industrias,Manufactura Local,Industrias de Alimentos,18826.30551
2010,q4,Industrias,Manufactura Local,Industrias de Alimentos,22507.7245
2011,q1,Industrias,Manufactura Local,Industrias de Alimentos,21822.67457
2011,q2,Industrias,Manufactura Local,Industrias de Alimentos,23397.29884
2011,q3,Industrias,Manufactura Local,Industrias de Alimentos,21493.77899
2011,q4,Industrias,Manufactura Local,Industrias de Alimentos,24932.88635
2012,q1,Industrias,Manufactura Local,Industrias de Alimentos,24203.12648
2012,q2,Industrias,Manufactura Local,Industrias de Alimentos,25231.7714
2012,q3,Industrias,Manufactura Local,Industrias de Alimentos,21548.95038
2012,q4,Industrias,Manufactura Local,Industrias de Alimentos,27361.48142
2013,q1,Industrias,Manufactura Local,Industrias de Alimentos,24210.75144
2013,q2,Industrias,Manufactura Local,Industrias de Alimentos,26940.64925
2013,q3,Industrias,Manufactura Local,Industrias de Alimentos,24334.25244
2013,q4,Industrias,Manufactura Local,Industrias de Alimentos,29540.69032
2014,q1,Industrias,Manufactura Local,Industrias de Alimentos,26372.87376
2014,q2,Industrias,Manufactura Local,Industrias de Alimentos,29007.8877
2014,q3,Industrias,Manufactura Local,Industrias de Alimentos,25798.41692
2014,q4,Industrias,Manufactura Local,Industrias de Alimentos,31376.76014
2015,q1,Industrias,Manufactura Local,Industrias de Alimentos,29119.31682
2015,q2,Industrias,Manufactura Local,Industrias de Alimentos,30938.34744
2015,q3,Industrias,Manufactura Local,Industrias de Alimentos,28163.20593
2015,q4,Industrias,Manufactura Local,Industrias de Alimentos,32388.82568
2016,q1,Industrias,Manufactura Local,Industrias de Alimentos,29419.78901
2016,q2,Industrias,Manufactura Local,Industrias de Alimentos,32562.30869
2016,q3,Industrias,Manufactura Local,Industrias de Alimentos,29349.66211
2007,q1,Industrias,Manufactura Local,Elaboración de Bebidas y Productos de Tabaco,4475.964885
2007,q2,Industrias,Manufactura Local,Elaboración de Bebidas y Productos de Tabaco,4622.743934
2007,q3,Industrias,Manufactura Local,Elaboración de Bebidas y Productos de Tabaco,5206.366634
2007,q4,Industrias,Manufactura Local,Elaboración de Bebidas y Productos de Tabaco,5362.354947
2008,q1,Industrias,Manufactura Local,Elaboración de Bebidas y Productos de Tabaco,4697.935004
2008,q2,Industrias,Manufactura Local,Elaboración de Bebidas y Productos de Tabaco,5332.589861
2008,q3,Industrias,Manufactura Local,Elaboración de Bebidas y Productos de Tabaco,6089.228076
2008,q4,Industrias,Manufactura Local,Elaboración de Bebidas y Productos de Tabaco,5702.223367
2009,q1,Industrias,Manufactura Local,Elaboración de Bebidas y Productos de Tabaco,4370.531115
2009,q2,Industrias,Manufactura Local,Elaboración de Bebidas y Productos de Tabaco,5411.742442
2009,q3,Industrias,Manufactura Local,Elaboración de Bebidas y Productos de Tabaco,5813.192254
2009,q4,Industrias,Manufactura Local,Elaboración de Bebidas y Productos de Tabaco,6362.096655
2010,q1,Industrias,Manufactura Local,Elaboración de Bebidas y Productos de Tabaco,5508.054204
2010,q2,Industrias,Manufactura Local,Elaboración de Bebidas y Productos de Tabaco,6054.489225
2010,q3,Industrias,Manufactura Local,Elaboración de Bebidas y Productos de Tabaco,6191.979097
2010,q4,Industrias,Manufactura Local,Elaboración de Bebidas y Productos de Tabaco,6735.703677
2011,q1,Industrias,Manufactura Local,Elaboración de Bebidas y Productos de Tabaco,6122.055462
2011,q2,Industrias,Manufactura Local,Elaboración de Bebidas y Productos de Tabaco,6017.153319
2011,q3,Industrias,Manufactura Local,Elaboración de Bebidas y Productos de Tabaco,6406.676809
2011,q4,Industrias,Manufactura Local,Elaboración de Bebidas y Productos de Tabaco,6917.467957
2012,q1,Industrias,Manufactura Local,Elaboración de Bebidas y Productos de Tabaco,6064.794513
2012,q2,Industrias,Manufactura Local,Elaboración de Bebidas y Productos de Tabaco,6430.96348
2012,q3,Industrias,Manufactura Local,Elaboración de Bebidas y Productos de Tabaco,7024.719145
2012,q4,Industrias,Manufactura Local,Elaboración de Bebidas y Productos de Tabaco,7522.215029
2013,q1,Industrias,Manufactura Local,Elaboración de Bebidas y Productos de Tabaco,6040.970054
2013,q2,Industrias,Manufactura Local,Elaboración de Bebidas y Productos de Tabaco,7074.58251
2013,q3,Industrias,Manufactura Local,Elaboración de Bebidas y Productos de Tabaco,7692.543702
2013,q4,Industrias,Manufactura Local,Elaboración de Bebidas y Productos de Tabaco,9010.185308
2014,q1,Industrias,Manufactura Local,Elaboración de Bebidas y Productos de Tabaco,6336.515416
2014,q2,Industrias,Manufactura Local,Elaboración de Bebidas y Productos de Tabaco,7425.500486
2014,q3,Industrias,Manufactura Local,Elaboración de Bebidas y Productos de Tabaco,7771.249078
2014,q4,Industrias,Manufactura Local,Elaboración de Bebidas y Productos de Tabaco,9088.415387
2015,q1,Industrias,Manufactura Local,Elaboración de Bebidas y Productos de Tabaco,7091.269263
2015,q2,Industrias,Manufactura Local,Elaboración de Bebidas y Productos de Tabaco,7615.105749
2015,q3,Industrias,Manufactura Local,Elaboración de Bebidas y Productos de Tabaco,8754.616049
2015,q4,Industrias,Manufactura Local,Elaboración de Bebidas y Productos de Tabaco,10029.51945
2016,q1,Industrias,Manufactura Local,Elaboración de Bebidas y Productos de Tabaco,7944.640506
2016,q2,Industrias,Manufactura Local,Elaboración de Bebidas y Productos de Tabaco,8421.364121
2016,q3,Industrias,Manufactura Local,Elaboración de Bebidas y Productos de Tabaco,8799.030115
2007,q1,Industrias,Manufactura Local,Fabricación de Productos de la Refinación de Petróleo y Quimicos,4972.424982
2007,q2,Industrias,Manufactura Local,Fabricación de Productos de la Refinación de Petróleo y Quimicos,4863.850835
2007,q3,Industrias,Manufactura Local,Fabricación de Productos de la Refinación de Petróleo y Quimicos,5341.694148
2007,q4,Industrias,Manufactura Local,Fabricación de Productos de la Refinación de Petróleo y Quimicos,5436.835805
2008,q1,Industrias,Manufactura Local,Fabricación de Productos de la Refinación de Petróleo y Quimicos,6108.377959
2008,q2,Industrias,Manufactura Local,Fabricación de Productos de la Refinación de Petróleo y Quimicos,6817.757155
2008,q3,Industrias,Manufactura Local,Fabricación de Productos de la Refinación de Petróleo y Quimicos,6995.567717
2008,q4,Industrias,Manufactura Local,Fabricación de Productos de la Refinación de Petróleo y Quimicos,6231.624077
2009,q1,Industrias,Manufactura Local,Fabricación de Productos de la Refinación de Petróleo y Quimicos,5163.77221
2009,q2,Industrias,Manufactura Local,Fabricación de Productos de la Refinación de Petróleo y Quimicos,5092.671019
2009,q3,Industrias,Manufactura Local,Fabricación de Productos de la Refinación de Petróleo y Quimicos,5291.629921
2009,q4,Industrias,Manufactura Local,Fabricación de Productos de la Refinación de Petróleo y Quimicos,5298.587595
2010,q1,Industrias,Manufactura Local,Fabricación de Productos de la Refinación de Petróleo y Quimicos,6644.973852
2010,q2,Industrias,Manufactura Local,Fabricación de Productos de la Refinación de Petróleo y Quimicos,5730.610406
2010,q3,Industrias,Manufactura Local,Fabricación de Productos de la Refinación de Petróleo y Quimicos,5948.893455
2010,q4,Industrias,Manufactura Local,Fabricación de Productos de la Refinación de Petróleo y Quimicos,6662.188303
2011,q1,Industrias,Manufactura Local,Fabricación de Productos de la Refinación de Petróleo y Quimicos,6250.237663
2011,q2,Industrias,Manufactura Local,Fabricación de Productos de la Refinación de Petróleo y Quimicos,5733.127967
2011,q3,Industrias,Manufactura Local,Fabricación de Productos de la Refinación de Petróleo y Quimicos,7052.36267
2011,q4,Industrias,Manufactura Local,Fabricación de Productos de la Refinación de Petróleo y Quimicos,6509.980304
2012,q1,Industrias,Manufactura Local,Fabricación de Productos de la Refinación de Petróleo y Quimicos,7411.816071
2012,q2,Industrias,Manufactura Local,Fabricación de Productos de la Refinación de Petróleo y Quimicos,6790.471612
2012,q3,Industrias,Manufactura Local,Fabricación de Productos de la Refinación de Petróleo y Quimicos,7285.602529
2012,q4,Industrias,Manufactura Local,Fabricación de Productos de la Refinación de Petróleo y Quimicos,6092.537315
2013,q1,Industrias,Manufactura Local,Fabricación de Productos de la Refinación de Petróleo y Quimicos,7652.895328
2013,q2,Industrias,Manufactura Local,Fabricación de Productos de la Refinación de Petróleo y Quimicos,7373.42287
2013,q3,Industrias,Manufactura Local,Fabricación de Productos de la Refinación de Petróleo y Quimicos,8305.809905
2013,q4,Industrias,Manufactura Local,Fabricación de Productos de la Refinación de Petróleo y Quimicos,7822.393092
2014,q1,Industrias,Manufactura Local,Fabricación de Productos de la Refinación de Petróleo y Quimicos,7950.592211
2014,q2,Industrias,Manufactura Local,Fabricación de Productos de la Refinación de Petróleo y Quimicos,7447.012529
2014,q3,Industrias,Manufactura Local,Fabricación de Productos de la Refinación de Petróleo y Quimicos,8181.699348
2014,q4,Industrias,Manufactura Local,Fabricación de Productos de la Refinación de Petróleo y Quimicos,8332.877672
2015,q1,Industrias,Manufactura Local,Fabricación de Productos de la Refinación de Petróleo y Quimicos,6833.870579
2015,q2,Industrias,Manufactura Local,Fabricación de Productos de la Refinación de Petróleo y Quimicos,6332.736988
2015,q3,Industrias,Manufactura Local,Fabricación de Productos de la Refinación de Petróleo y Quimicos,7513.641936
2015,q4,Industrias,Manufactura Local,Fabricación de Productos de la Refinación de Petróleo y Quimicos,8216.269133
2016,q1,Industrias,Manufactura Local,Fabricación de Productos de la Refinación de Petróleo y Quimicos,7397.410785
2016,q2,Industrias,Manufactura Local,Fabricación de Productos de la Refinación de Petróleo y Quimicos,7648.177592
2016,q3,Industrias,Manufactura Local,Fabricación de Productos de la Refinación de Petróleo y Quimicos,7289.308823
2007,q1,Industrias,Manufactura Local,Otras Manufacturas,18981.87447
2007,q2,Industrias,Manufactura Local,Otras Manufacturas,19992.526
2007,q3,Industrias,Manufactura Local,Otras Manufacturas,21579.84123
2007,q4,Industrias,Manufactura Local,Otras Manufacturas,22930.63642
2008,q1,Industrias,Manufactura Local,Otras Manufacturas,22649.54135
2008,q2,Industrias,Manufactura Local,Otras Manufacturas,25267.44038
2008,q3,Industrias,Manufactura Local,Otras Manufacturas,25482.76108
2008,q4,Industrias,Manufactura Local,Otras Manufacturas,23109.32486
2009,q1,Industrias,Manufactura Local,Otras Manufacturas,21750.55879
2009,q2,Industrias,Manufactura Local,Otras Manufacturas,23416.15617
2009,q3,Industrias,Manufactura Local,Otras Manufacturas,24366.85088
2009,q4,Industrias,Manufactura Local,Otras Manufacturas,23923.08361
2010,q1,Industrias,Manufactura Local,Otras Manufacturas,24424.40309
2010,q2,Industrias,Manufactura Local,Otras Manufacturas,27615.51294
2010,q3,Industrias,Manufactura Local,Otras Manufacturas,27494.56163
2010,q4,Industrias,Manufactura Local,Otras Manufacturas,27918.14582
2011,q1,Industrias,Manufactura Local,Otras Manufacturas,27767.52408
2011,q2,Industrias,Manufactura Local,Otras Manufacturas,29323.62587
2011,q3,Industrias,Manufactura Local,Otras Manufacturas,29223.1471
2011,q4,Industrias,Manufactura Local,Otras Manufacturas,30565.37185
2012,q1,Industrias,Manufactura Local,Otras Manufacturas,29145.55155
2012,q2,Industrias,Manufactura Local,Otras Manufacturas,30507.22777
2012,q3,Industrias,Manufactura Local,Otras Manufacturas,30646.11663
2012,q4,Industrias,Manufactura Local,Otras Manufacturas,31853.58827
2013,q1,Industrias,Manufactura Local,Otras Manufacturas,28914.39795
2013,q2,Industrias,Manufactura Local,Otras Manufacturas,31782.66864
2013,q3,Industrias,Manufactura Local,Otras Manufacturas,32067.91976
2013,q4,Industrias,Manufactura Local,Otras Manufacturas,33288.32098
2014,q1,Industrias,Manufactura Local,Otras Manufacturas,31392.16948
2014,q2,Industrias,Manufactura Local,Otras Manufacturas,33540.30001
2014,q3,Industrias,Manufactura Local,Otras Manufacturas,35558.96203
2014,q4,Industrias,Manufactura Local,Otras Manufacturas,35167.07957
2015,q1,Industrias,Manufactura Local,Otras Manufacturas,34346.14035
2015,q2,Industrias,Manufactura Local,Otras Manufacturas,35240.25517
2015,q3,Industrias,Manufactura Local,Otras Manufacturas,37030.57742
2015,q4,Industrias,Manufactura Local,Otras Manufacturas,35564.37439
2016,q1,Industrias,Manufactura Local,Otras Manufacturas,33040.80116
2016,q2,Industrias,Manufactura Local,Otras Manufacturas,36464.49403
2016,q3,Industrias,Manufactura Local,Otras Manufacturas,42048.3934
2007,q1,Industrias,Manufactura Zonas Francas,Manufactura Zonas Francas,13648.08453
2007,q2,Industrias,Manufactura Zonas Francas,Manufactura Zonas Francas,13985.16552
2007,q3,Industrias,Manufactura Zonas Francas,Manufactura Zonas Francas,15378.01528
2007,q4,Industrias,Manufactura Zonas Francas,Manufactura Zonas Francas,15285.10812
2008,q1,Industrias,Manufactura Zonas Francas,Manufactura Zonas Francas,13264.52839
2008,q2,Industrias,Manufactura Zonas Francas,Manufactura Zonas Francas,14582.85382
2008,q3,Industrias,Manufactura Zonas Francas,Manufactura Zonas Francas,14796.49958
2008,q4,Industrias,Manufactura Zonas Francas,Manufactura Zonas Francas,15194.73074
2009,q1,Industrias,Manufactura Zonas Francas,Manufactura Zonas Francas,13712.95384
2009,q2,Industrias,Manufactura Zonas Francas,Manufactura Zonas Francas,15054.13935
2009,q3,Industrias,Manufactura Zonas Francas,Manufactura Zonas Francas,15059.00263
2009,q4,Industrias,Manufactura Zonas Francas,Manufactura Zonas Francas,15176.08321
2010,q1,Industrias,Manufactura Zonas Francas,Manufactura Zonas Francas,13756.17676
2010,q2,Industrias,Manufactura Zonas Francas,Manufactura Zonas Francas,16253.73424
2010,q3,Industrias,Manufactura Zonas Francas,Manufactura Zonas Francas,17161.18591
2010,q4,Industrias,Manufactura Zonas Francas,Manufactura Zonas Francas,17190.62458
2011,q1,Industrias,Manufactura Zonas Francas,Manufactura Zonas Francas,16662.02227
2011,q2,Industrias,Manufactura Zonas Francas,Manufactura Zonas Francas,18670.22001
2011,q3,Industrias,Manufactura Zonas Francas,Manufactura Zonas Francas,19550.50658
2011,q4,Industrias,Manufactura Zonas Francas,Manufactura Zonas Francas,19395.44487
2012,q1,Industrias,Manufactura Zonas Francas,Manufactura Zonas Francas,17857.51262
2012,q2,Industrias,Manufactura Zonas Francas,Manufactura Zonas Francas,21014.07233
2012,q3,Industrias,Manufactura Zonas Francas,Manufactura Zonas Francas,21855.0415
2012,q4,Industrias,Manufactura Zonas Francas,Manufactura Zonas Francas,22079.10977
2013,q1,Industrias,Manufactura Zonas Francas,Manufactura Zonas Francas,20784.05543
2013,q2,Industrias,Manufactura Zonas Francas,Manufactura Zonas Francas,23501.96642
2013,q3,Industrias,Manufactura Zonas Francas,Manufactura Zonas Francas,24079.69237
2013,q4,Industrias,Manufactura Zonas Francas,Manufactura Zonas Francas,23035.50346
2014,q1,Industrias,Manufactura Zonas Francas,Manufactura Zonas Francas,22870.33163
2014,q2,Industrias,Manufactura Zonas Francas,Manufactura Zonas Francas,25261.71
2014,q3,Industrias,Manufactura Zonas Francas,Manufactura Zonas Francas,26572.81264
2014,q4,Industrias,Manufactura Zonas Francas,Manufactura Zonas Francas,26594.50084
2015,q1,Industrias,Manufactura Zonas Francas,Manufactura Zonas Francas,24634.55539
2015,q2,Industrias,Manufactura Zonas Francas,Manufactura Zonas Francas,28153.98401
2015,q3,Industrias,Manufactura Zonas Francas,Manufactura Zonas Francas,27781.62447
2015,q4,Industrias,Manufactura Zonas Francas,Manufactura Zonas Francas,29136.37496
2016,q1,Industrias,Manufactura Zonas Francas,Manufactura Zonas Francas,24533.22866
2016,q2,Industrias,Manufactura Zonas Francas,Manufactura Zonas Francas,28927.17
2016,q3,Industrias,Manufactura Zonas Francas,Manufactura Zonas Francas,28368.51182
2007,q1,Industrias,Construcción,Construcción,37210.57285
2007,q2,Industrias,Construcción,Construcción,38060.81824
2007,q3,Industrias,Construcción,Construcción,38102.81636
2007,q4,Industrias,Construcción,Construcción,37890.52446
2008,q1,Industrias,Construcción,Construcción,40908.93308
2008,q2,Industrias,Construcción,Construcción,48218.63761
2008,q3,Industrias,Construcción,Construcción,48615.02593
2008,q4,Industrias,Construcción,Construcción,39397.04852
2009,q1,Industrias,Construcción,Construcción,42206.28833
2009,q2,Industrias,Construcción,Construcción,43681.28704
2009,q3,Industrias,Construcción,Construcción,45076.14801
2009,q4,Industrias,Construcción,Construcción,43755.47944
2010,q1,Industrias,Construcción,Construcción,48578.92368
2010,q2,Industrias,Construcción,Construcción,49221.78612
2010,q3,Industrias,Construcción,Construcción,50006.72251
2010,q4,Industrias,Construcción,Construcción,51808.85698
2011,q1,Industrias,Construcción,Construcción,56976.48727
2011,q2,Industrias,Construcción,Construcción,53055.54445
2011,q3,Industrias,Construcción,Construcción,55527.9195
2011,q4,Industrias,Construcción,Construcción,57255.52678
2012,q1,Industrias,Construcción,Construcción,61086.74474
2012,q2,Industrias,Construcción,Construcción,56284.28571
2012,q3,Industrias,Construcción,Construcción,56185.50516
2012,q4,Industrias,Construcción,Construcción,58205.52294
2013,q1,Industrias,Construcción,Construcción,56138.61606
2013,q2,Industrias,Construcción,Construcción,61567.37659
2013,q3,Industrias,Construcción,Construcción,64099.2332
2013,q4,Industrias,Construcción,Construcción,68728.34632
2014,q1,Industrias,Construcción,Construcción,68205.57902
2014,q2,Industrias,Construcción,Construcción,70328.44105
2014,q3,Industrias,Construcción,Construcción,72390.05275
2014,q4,Industrias,Construcción,Construcción,79153.19254
2015,q1,Industrias,Construcción,Construcción,67988.16142
2015,q2,Industrias,Construcción,Construcción,73566.42365
2015,q3,Industrias,Construcción,Construcción,75268.57626
2015,q4,Industrias,Construcción,Construcción,79835.09976
2016,q1,Industrias,Construcción,Construcción,68136.83707
2016,q2,Industrias,Construcción,Construcción,78138.57857
2016,q3,Industrias,Construcción,Construcción,68806.27041
2007,q1,Servicios,Energía y Agua,Energía y Agua,6745.774398
2007,q2,Servicios,Energía y Agua,Energía y Agua,7008.373477
2007,q3,Servicios,Energía y Agua,Energía y Agua,7716.462941
2007,q4,Servicios,Energía y Agua,Energía y Agua,7577.565265
2008,q1,Servicios,Energía y Agua,Energía y Agua,7268.868234
2008,q2,Servicios,Energía y Agua,Energía y Agua,8150.897698
2008,q3,Servicios,Energía y Agua,Energía y Agua,8837.800932
2008,q4,Servicios,Energía y Agua,Energía y Agua,7733.206867
2009,q1,Servicios,Energía y Agua,Energía y Agua,6828.745643
2009,q2,Servicios,Energía y Agua,Energía y Agua,7358.728697
2009,q3,Servicios,Energía y Agua,Energía y Agua,8954.012545
2009,q4,Servicios,Energía y Agua,Energía y Agua,9308.588025
2010,q1,Servicios,Energía y Agua,Energía y Agua,9416.573248
2010,q2,Servicios,Energía y Agua,Energía y Agua,10958.37966
2010,q3,Servicios,Energía y Agua,Energía y Agua,11366.39854
2010,q4,Servicios,Energía y Agua,Energía y Agua,10729.83189
2011,q1,Servicios,Energía y Agua,Energía y Agua,10756.41268
2011,q2,Servicios,Energía y Agua,Energía y Agua,11594.72497
2011,q3,Servicios,Energía y Agua,Energía y Agua,13480.75675
2011,q4,Servicios,Energía y Agua,Energía y Agua,14294.01474
2012,q1,Servicios,Energía y Agua,Energía y Agua,13701.95944
2012,q2,Servicios,Energía y Agua,Energía y Agua,15820.44058
2012,q3,Servicios,Energía y Agua,Energía y Agua,17288.49508
2012,q4,Servicios,Energía y Agua,Energía y Agua,16631.55744
2013,q1,Servicios,Energía y Agua,Energía y Agua,15114.22258
2013,q2,Servicios,Energía y Agua,Energía y Agua,16163.17533
2013,q3,Servicios,Energía y Agua,Energía y Agua,17453.16639
2013,q4,Servicios,Energía y Agua,Energía y Agua,17058.97584
2014,q1,Servicios,Energía y Agua,Energía y Agua,15352.55646
2014,q2,Servicios,Energía y Agua,Energía y Agua,17142.90592
2014,q3,Servicios,Energía y Agua,Energía y Agua,18181.41967
2014,q4,Servicios,Energía y Agua,Energía y Agua,17576.03844
2015,q1,Servicios,Energía y Agua,Energía y Agua,16215.07736
2015,q2,Servicios,Energía y Agua,Energía y Agua,17527.56406
2015,q3,Servicios,Energía y Agua,Energía y Agua,19075.18641
2015,q4,Servicios,Energía y Agua,Energía y Agua,18646.16334
2016,q1,Servicios,Energía y Agua,Energía y Agua,16987.31246
2016,q2,Servicios,Energía y Agua,Energía y Agua,18291.4437
2016,q3,Servicios,Energía y Agua,Energía y Agua,19405.2771
2007,q1,Servicios,Comercio,Comercio,28447.1404
2007,q2,Servicios,Comercio,Comercio,31275.84613
2007,q3,Servicios,Comercio,Comercio,33278.52379
2007,q4,Servicios,Comercio,Comercio,39227.47341
2008,q1,Servicios,Comercio,Comercio,36514.82671
2008,q2,Servicios,Comercio,Comercio,42048.35483
2008,q3,Servicios,Comercio,Comercio,41690.64518
2008,q4,Servicios,Comercio,Comercio,41142.20608
2009,q1,Servicios,Comercio,Comercio,34355.26554
2009,q2,Servicios,Comercio,Comercio,39117.33912
2009,q3,Servicios,Comercio,Comercio,39336.62113
2009,q4,Servicios,Comercio,Comercio,44926.21151
2010,q1,Servicios,Comercio,Comercio,43205.24883
2010,q2,Servicios,Comercio,Comercio,50793.98525
2010,q3,Servicios,Comercio,Comercio,50409.05264
2010,q4,Servicios,Comercio,Comercio,55085.11246
2011,q1,Servicios,Comercio,Comercio,50050.51882
2011,q2,Servicios,Comercio,Comercio,56931.34124
2011,q3,Servicios,Comercio,Comercio,54598.58585
2011,q4,Servicios,Comercio,Comercio,59972.76401
2012,q1,Servicios,Comercio,Comercio,56773.07906
2012,q2,Servicios,Comercio,Comercio,61816.19022
2012,q3,Servicios,Comercio,Comercio,59359.94565
2012,q4,Servicios,Comercio,Comercio,64477.42775
2013,q1,Servicios,Comercio,Comercio,57416.413
2013,q2,Servicios,Comercio,Comercio,62887.86943
2013,q3,Servicios,Comercio,Comercio,61628.11497
2013,q4,Servicios,Comercio,Comercio,68574.44683
2014,q1,Servicios,Comercio,Comercio,60172.2732
2014,q2,Servicios,Comercio,Comercio,68372.70983
2014,q3,Servicios,Comercio,Comercio,65592.53376
2014,q4,Servicios,Comercio,Comercio,73477.99843
2015,q1,Servicios,Comercio,Comercio,64973.21089
2015,q2,Servicios,Comercio,Comercio,66869.44961
2015,q3,Servicios,Comercio,Comercio,69230.66575
2015,q4,Servicios,Comercio,Comercio,76756.38839
2016,q1,Servicios,Comercio,Comercio,65483.69876
2016,q2,Servicios,Comercio,Comercio,72510.33717
2016,q3,Servicios,Comercio,Comercio,75709.86011
2007,q1,Servicios,"Hoteles, Bares y Restaurantes","Hoteles, Bares y Restaurantes",33382.26478
2007,q2,Servicios,"Hoteles, Bares y Restaurantes","Hoteles, Bares y Restaurantes",28088.75286
2007,q3,Servicios,"Hoteles, Bares y Restaurantes","Hoteles, Bares y Restaurantes",27879.77942
2007,q4,Servicios,"Hoteles, Bares y Restaurantes","Hoteles, Bares y Restaurantes",27564.86726
2008,q1,Servicios,"Hoteles, Bares y Restaurantes","Hoteles, Bares y Restaurantes",37438.20976
2008,q2,Servicios,"Hoteles, Bares y Restaurantes","Hoteles, Bares y Restaurantes",31094.54777
2008,q3,Servicios,"Hoteles, Bares y Restaurantes","Hoteles, Bares y Restaurantes",31410.14977
2008,q4,Servicios,"Hoteles, Bares y Restaurantes","Hoteles, Bares y Restaurantes",30076.6847
2009,q1,Servicios,"Hoteles, Bares y Restaurantes","Hoteles, Bares y Restaurantes",38051.95311
2009,q2,Servicios,"Hoteles, Bares y Restaurantes","Hoteles, Bares y Restaurantes",31665.06992
2009,q3,Servicios,"Hoteles, Bares y Restaurantes","Hoteles, Bares y Restaurantes",31067.15602
2009,q4,Servicios,"Hoteles, Bares y Restaurantes","Hoteles, Bares y Restaurantes",31025.68521
2010,q1,Servicios,"Hoteles, Bares y Restaurantes","Hoteles, Bares y Restaurantes",40550.17479
2010,q2,Servicios,"Hoteles, Bares y Restaurantes","Hoteles, Bares y Restaurantes",33518.08824
2010,q3,Servicios,"Hoteles, Bares y Restaurantes","Hoteles, Bares y Restaurantes",34901.69482
2010,q4,Servicios,"Hoteles, Bares y Restaurantes","Hoteles, Bares y Restaurantes",34826.37899
2011,q1,Servicios,"Hoteles, Bares y Restaurantes","Hoteles, Bares y Restaurantes",43882.25284
2011,q2,Servicios,"Hoteles, Bares y Restaurantes","Hoteles, Bares y Restaurantes",37812.8042
2011,q3,Servicios,"Hoteles, Bares y Restaurantes","Hoteles, Bares y Restaurantes",38577.77057
2011,q4,Servicios,"Hoteles, Bares y Restaurantes","Hoteles, Bares y Restaurantes",39370.4879
2012,q1,Servicios,"Hoteles, Bares y Restaurantes","Hoteles, Bares y Restaurantes",48274.312
2012,q2,Servicios,"Hoteles, Bares y Restaurantes","Hoteles, Bares y Restaurantes",42301.17419
2012,q3,Servicios,"Hoteles, Bares y Restaurantes","Hoteles, Bares y Restaurantes",41138.36003
2012,q4,Servicios,"Hoteles, Bares y Restaurantes","Hoteles, Bares y Restaurantes",41212.56447
2013,q1,Servicios,"Hoteles, Bares y Restaurantes","Hoteles, Bares y Restaurantes",50281.19147
2013,q2,Servicios,"Hoteles, Bares y Restaurantes","Hoteles, Bares y Restaurantes",44508.39208
2013,q3,Servicios,"Hoteles, Bares y Restaurantes","Hoteles, Bares y Restaurantes",45104.62051
2013,q4,Servicios,"Hoteles, Bares y Restaurantes","Hoteles, Bares y Restaurantes",46936.30881
2014,q1,Servicios,"Hoteles, Bares y Restaurantes","Hoteles, Bares y Restaurantes",55255.45326
2014,q2,Servicios,"Hoteles, Bares y Restaurantes","Hoteles, Bares y Restaurantes",50761.18962
2014,q3,Servicios,"Hoteles, Bares y Restaurantes","Hoteles, Bares y Restaurantes",50076.23757
2014,q4,Servicios,"Hoteles, Bares y Restaurantes","Hoteles, Bares y Restaurantes",51831.76696
2015,q1,Servicios,"Hoteles, Bares y Restaurantes","Hoteles, Bares y Restaurantes",61583.88846
2015,q2,Servicios,"Hoteles, Bares y Restaurantes","Hoteles, Bares y Restaurantes",56375.78225
2015,q3,Servicios,"Hoteles, Bares y Restaurantes","Hoteles, Bares y Restaurantes",56992.34368
2015,q4,Servicios,"Hoteles, Bares y Restaurantes","Hoteles, Bares y Restaurantes",59578.30269
2016,q1,Servicios,"Hoteles, Bares y Restaurantes","Hoteles, Bares y Restaurantes",68699.49329
2016,q2,Servicios,"Hoteles, Bares y Restaurantes","Hoteles, Bares y Restaurantes",62009.13462
2016,q3,Servicios,"Hoteles, Bares y Restaurantes","Hoteles, Bares y Restaurantes",64043.68074
2007,q1,Servicios,Transporte y Almacenamiento,Transporte y Almacenamiento,23091.90561
2007,q2,Servicios,Transporte y Almacenamiento,Transporte y Almacenamiento,24330.68931
2007,q3,Servicios,Transporte y Almacenamiento,Transporte y Almacenamiento,26961.11298
2007,q4,Servicios,Transporte y Almacenamiento,Transporte y Almacenamiento,29161.14189
2008,q1,Servicios,Transporte y Almacenamiento,Transporte y Almacenamiento,29049.57238
2008,q2,Servicios,Transporte y Almacenamiento,Transporte y Almacenamiento,33498.0238
2008,q3,Servicios,Transporte y Almacenamiento,Transporte y Almacenamiento,36821.01305
2008,q4,Servicios,Transporte y Almacenamiento,Transporte y Almacenamiento,33309.03828
2009,q1,Servicios,Transporte y Almacenamiento,Transporte y Almacenamiento,32089.00065
2009,q2,Servicios,Transporte y Almacenamiento,Transporte y Almacenamiento,34171.67699
2009,q3,Servicios,Transporte y Almacenamiento,Transporte y Almacenamiento,36277.93561
2009,q4,Servicios,Transporte y Almacenamiento,Transporte y Almacenamiento,38725.20999
2010,q1,Servicios,Transporte y Almacenamiento,Transporte y Almacenamiento,40644.6993
2010,q2,Servicios,Transporte y Almacenamiento,Transporte y Almacenamiento,42261.8097
2010,q3,Servicios,Transporte y Almacenamiento,Transporte y Almacenamiento,41813.22507
2010,q4,Servicios,Transporte y Almacenamiento,Transporte y Almacenamiento,44438.6678
2011,q1,Servicios,Transporte y Almacenamiento,Transporte y Almacenamiento,47319.04181
2011,q2,Servicios,Transporte y Almacenamiento,Transporte y Almacenamiento,50557.18094
2011,q3,Servicios,Transporte y Almacenamiento,Transporte y Almacenamiento,49480.05002
2011,q4,Servicios,Transporte y Almacenamiento,Transporte y Almacenamiento,51032.13592
2012,q1,Servicios,Transporte y Almacenamiento,Transporte y Almacenamiento,52230.66708
2012,q2,Servicios,Transporte y Almacenamiento,Transporte y Almacenamiento,53018.28031
2012,q3,Servicios,Transporte y Almacenamiento,Transporte y Almacenamiento,52857.33788
2012,q4,Servicios,Transporte y Almacenamiento,Transporte y Almacenamiento,55263.42408
2013,q1,Servicios,Transporte y Almacenamiento,Transporte y Almacenamiento,54958.7383
2013,q2,Servicios,Transporte y Almacenamiento,Transporte y Almacenamiento,53614.87115
2013,q3,Servicios,Transporte y Almacenamiento,Transporte y Almacenamiento,56348.08424
2013,q4,Servicios,Transporte y Almacenamiento,Transporte y Almacenamiento,58516.39168
2014,q1,Servicios,Transporte y Almacenamiento,Transporte y Almacenamiento,58525.51336
2014,q2,Servicios,Transporte y Almacenamiento,Transporte y Almacenamiento,60070.86326
2014,q3,Servicios,Transporte y Almacenamiento,Transporte y Almacenamiento,60701.98578
2014,q4,Servicios,Transporte y Almacenamiento,Transporte y Almacenamiento,59328.39205
2015,q1,Servicios,Transporte y Almacenamiento,Transporte y Almacenamiento,62593.95605
2015,q2,Servicios,Transporte y Almacenamiento,Transporte y Almacenamiento,63981.27107
2015,q3,Servicios,Transporte y Almacenamiento,Transporte y Almacenamiento,64323.61924
2015,q4,Servicios,Transporte y Almacenamiento,Transporte y Almacenamiento,62924.13184
2016,q1,Servicios,Transporte y Almacenamiento,Transporte y Almacenamiento,66028.72625
2016,q2,Servicios,Transporte y Almacenamiento,Transporte y Almacenamiento,67817.49855
2016,q3,Servicios,Transporte y Almacenamiento,Transporte y Almacenamiento,68503.7317
2007,q1,Servicios,Comunicaciones,Comunicaciones,7269.300851
2007,q2,Servicios,Comunicaciones,Comunicaciones,7417.864256
2007,q3,Servicios,Comunicaciones,Comunicaciones,8042.7644
2007,q4,Servicios,Comunicaciones,Comunicaciones,8337.309252
2008,q1,Servicios,Comunicaciones,Comunicaciones,8816.037557
2008,q2,Servicios,Comunicaciones,Comunicaciones,8380.055971
2008,q3,Servicios,Comunicaciones,Comunicaciones,8067.278985
2008,q4,Servicios,Comunicaciones,Comunicaciones,8135.754349
2009,q1,Servicios,Comunicaciones,Comunicaciones,8155.835012
2009,q2,Servicios,Comunicaciones,Comunicaciones,9174.099863
2009,q3,Servicios,Comunicaciones,Comunicaciones,8767.068242
2009,q4,Servicios,Comunicaciones,Comunicaciones,9289.78064
2010,q1,Servicios,Comunicaciones,Comunicaciones,9478.023859
2010,q2,Servicios,Comunicaciones,Comunicaciones,9571.271913
2010,q3,Servicios,Comunicaciones,Comunicaciones,9164.042867
2010,q4,Servicios,Comunicaciones,Comunicaciones,9931.610821
2011,q1,Servicios,Comunicaciones,Comunicaciones,9131.884585
2011,q2,Servicios,Comunicaciones,Comunicaciones,8957.390114
2011,q3,Servicios,Comunicaciones,Comunicaciones,8647.060907
2011,q4,Servicios,Comunicaciones,Comunicaciones,9306.744217
2012,q1,Servicios,Comunicaciones,Comunicaciones,8431.840903
2012,q2,Servicios,Comunicaciones,Comunicaciones,8018.96944
2012,q3,Servicios,Comunicaciones,Comunicaciones,7880.176613
2012,q4,Servicios,Comunicaciones,Comunicaciones,8411.755483
2013,q1,Servicios,Comunicaciones,Comunicaciones,7936.315342
2013,q2,Servicios,Comunicaciones,Comunicaciones,8206.090091
2013,q3,Servicios,Comunicaciones,Comunicaciones,9010.987633
2013,q4,Servicios,Comunicaciones,Comunicaciones,8842.689348
2014,q1,Servicios,Comunicaciones,Comunicaciones,8097.82269
2014,q2,Servicios,Comunicaciones,Comunicaciones,8220.476671
2014,q3,Servicios,Comunicaciones,Comunicaciones,8338.968667
2014,q4,Servicios,Comunicaciones,Comunicaciones,8433.834849
2015,q1,Servicios,Comunicaciones,Comunicaciones,8541.403654
2015,q2,Servicios,Comunicaciones,Comunicaciones,8588.220282
2015,q3,Servicios,Comunicaciones,Comunicaciones,8955.113141
2015,q4,Servicios,Comunicaciones,Comunicaciones,9514.307947
2016,q1,Servicios,Comunicaciones,Comunicaciones,8727.911736
2016,q2,Servicios,Comunicaciones,Comunicaciones,8975.75836
2016,q3,Servicios,Comunicaciones,Comunicaciones,8905.75704
2007,q1,Servicios,"Intermediación Financiera, Seguros y Actividades Conexas","Intermediación Financiera, Seguros y Actividades Conexas",14103.27636
2007,q2,Servicios,"Intermediación Financiera, Seguros y Actividades Conexas","Intermediación Financiera, Seguros y Actividades Conexas",13593.48372
2007,q3,Servicios,"Intermediación Financiera, Seguros y Actividades Conexas","Intermediación Financiera, Seguros y Actividades Conexas",14488.05585
2007,q4,Servicios,"Intermediación Financiera, Seguros y Actividades Conexas","Intermediación Financiera, Seguros y Actividades Conexas",15700.40265
2008,q1,Servicios,"Intermediación Financiera, Seguros y Actividades Conexas","Intermediación Financiera, Seguros y Actividades Conexas",16094.07669
2008,q2,Servicios,"Intermediación Financiera, Seguros y Actividades Conexas","Intermediación Financiera, Seguros y Actividades Conexas",16724.42724
2008,q3,Servicios,"Intermediación Financiera, Seguros y Actividades Conexas","Intermediación Financiera, Seguros y Actividades Conexas",16263.68209
2008,q4,Servicios,"Intermediación Financiera, Seguros y Actividades Conexas","Intermediación Financiera, Seguros y Actividades Conexas",19266.39037
2009,q1,Servicios,"Intermediación Financiera, Seguros y Actividades Conexas","Intermediación Financiera, Seguros y Actividades Conexas",19622.5259
2009,q2,Servicios,"Intermediación Financiera, Seguros y Actividades Conexas","Intermediación Financiera, Seguros y Actividades Conexas",18742.12845
2009,q3,Servicios,"Intermediación Financiera, Seguros y Actividades Conexas","Intermediación Financiera, Seguros y Actividades Conexas",17908.96427
2009,q4,Servicios,"Intermediación Financiera, Seguros y Actividades Conexas","Intermediación Financiera, Seguros y Actividades Conexas",20539.98499
2010,q1,Servicios,"Intermediación Financiera, Seguros y Actividades Conexas","Intermediación Financiera, Seguros y Actividades Conexas",20090.67359
2010,q2,Servicios,"Intermediación Financiera, Seguros y Actividades Conexas","Intermediación Financiera, Seguros y Actividades Conexas",18835.1982
2010,q3,Servicios,"Intermediación Financiera, Seguros y Actividades Conexas","Intermediación Financiera, Seguros y Actividades Conexas",18987.03052
2010,q4,Servicios,"Intermediación Financiera, Seguros y Actividades Conexas","Intermediación Financiera, Seguros y Actividades Conexas",20419.83892
2011,q1,Servicios,"Intermediación Financiera, Seguros y Actividades Conexas","Intermediación Financiera, Seguros y Actividades Conexas",20816.72894
2011,q2,Servicios,"Intermediación Financiera, Seguros y Actividades Conexas","Intermediación Financiera, Seguros y Actividades Conexas",21387.72624
2011,q3,Servicios,"Intermediación Financiera, Seguros y Actividades Conexas","Intermediación Financiera, Seguros y Actividades Conexas",22565.57194
2011,q4,Servicios,"Intermediación Financiera, Seguros y Actividades Conexas","Intermediación Financiera, Seguros y Actividades Conexas",24443.6895
2012,q1,Servicios,"Intermediación Financiera, Seguros y Actividades Conexas","Intermediación Financiera, Seguros y Actividades Conexas",26212.58366
2012,q2,Servicios,"Intermediación Financiera, Seguros y Actividades Conexas","Intermediación Financiera, Seguros y Actividades Conexas",24375.61568
2012,q3,Servicios,"Intermediación Financiera, Seguros y Actividades Conexas","Intermediación Financiera, Seguros y Actividades Conexas",25168.71275
2012,q4,Servicios,"Intermediación Financiera, Seguros y Actividades Conexas","Intermediación Financiera, Seguros y Actividades Conexas",27332.67271
2013,q1,Servicios,"Intermediación Financiera, Seguros y Actividades Conexas","Intermediación Financiera, Seguros y Actividades Conexas",28230.25828
2013,q2,Servicios,"Intermediación Financiera, Seguros y Actividades Conexas","Intermediación Financiera, Seguros y Actividades Conexas",26685.94399
2013,q3,Servicios,"Intermediación Financiera, Seguros y Actividades Conexas","Intermediación Financiera, Seguros y Actividades Conexas",26789.71728
2013,q4,Servicios,"Intermediación Financiera, Seguros y Actividades Conexas","Intermediación Financiera, Seguros y Actividades Conexas",27905.59009
2014,q1,Servicios,"Intermediación Financiera, Seguros y Actividades Conexas","Intermediación Financiera, Seguros y Actividades Conexas",29726.1294
2014,q2,Servicios,"Intermediación Financiera, Seguros y Actividades Conexas","Intermediación Financiera, Seguros y Actividades Conexas",29533.3714
2014,q3,Servicios,"Intermediación Financiera, Seguros y Actividades Conexas","Intermediación Financiera, Seguros y Actividades Conexas",27563.9892
2014,q4,Servicios,"Intermediación Financiera, Seguros y Actividades Conexas","Intermediación Financiera, Seguros y Actividades Conexas",31619.5114
2015,q1,Servicios,"Intermediación Financiera, Seguros y Actividades Conexas","Intermediación Financiera, Seguros y Actividades Conexas",33845.76623
2015,q2,Servicios,"Intermediación Financiera, Seguros y Actividades Conexas","Intermediación Financiera, Seguros y Actividades Conexas",32045.84827
2015,q3,Servicios,"Intermediación Financiera, Seguros y Actividades Conexas","Intermediación Financiera, Seguros y Actividades Conexas",32418.87885
2015,q4,Servicios,"Intermediación Financiera, Seguros y Actividades Conexas","Intermediación Financiera, Seguros y Actividades Conexas",35632.91056
2016,q1,Servicios,"Intermediación Financiera, Seguros y Actividades Conexas","Intermediación Financiera, Seguros y Actividades Conexas",39410.05493
2016,q2,Servicios,"Intermediación Financiera, Seguros y Actividades Conexas","Intermediación Financiera, Seguros y Actividades Conexas",36527.75516
2016,q3,Servicios,"Intermediación Financiera, Seguros y Actividades Conexas","Intermediación Financiera, Seguros y Actividades Conexas",36730.12582
2007,q1,Servicios,Actividades Inmobiliarias y de Alquiler,Actividades Inmobiliarias y de Alquiler,26655.75054
2007,q2,Servicios,Actividades Inmobiliarias y de Alquiler,Actividades Inmobiliarias y de Alquiler,27434.85282
2007,q3,Servicios,Actividades Inmobiliarias y de Alquiler,Actividades Inmobiliarias y de Alquiler,28384.59432
2007,q4,Servicios,Actividades Inmobiliarias y de Alquiler,Actividades Inmobiliarias y de Alquiler,29605.34063
2008,q1,Servicios,Actividades Inmobiliarias y de Alquiler,Actividades Inmobiliarias y de Alquiler,30729.90366
2008,q2,Servicios,Actividades Inmobiliarias y de Alquiler,Actividades Inmobiliarias y de Alquiler,31673.96003
2008,q3,Servicios,Actividades Inmobiliarias y de Alquiler,Actividades Inmobiliarias y de Alquiler,33197.96314
2008,q4,Servicios,Actividades Inmobiliarias y de Alquiler,Actividades Inmobiliarias y de Alquiler,33810.32185
2009,q1,Servicios,Actividades Inmobiliarias y de Alquiler,Actividades Inmobiliarias y de Alquiler,34212.62909
2009,q2,Servicios,Actividades Inmobiliarias y de Alquiler,Actividades Inmobiliarias y de Alquiler,35775.61566
2009,q3,Servicios,Actividades Inmobiliarias y de Alquiler,Actividades Inmobiliarias y de Alquiler,38847.72821
2009,q4,Servicios,Actividades Inmobiliarias y de Alquiler,Actividades Inmobiliarias y de Alquiler,40304.23489
2010,q1,Servicios,Actividades Inmobiliarias y de Alquiler,Actividades Inmobiliarias y de Alquiler,41608.88185
2010,q2,Servicios,Actividades Inmobiliarias y de Alquiler,Actividades Inmobiliarias y de Alquiler,42297.00939
2010,q3,Servicios,Actividades Inmobiliarias y de Alquiler,Actividades Inmobiliarias y de Alquiler,43440.12247
2010,q4,Servicios,Actividades Inmobiliarias y de Alquiler,Actividades Inmobiliarias y de Alquiler,45828.94038
2011,q1,Servicios,Actividades Inmobiliarias y de Alquiler,Actividades Inmobiliarias y de Alquiler,49214.6558
2011,q2,Servicios,Actividades Inmobiliarias y de Alquiler,Actividades Inmobiliarias y de Alquiler,51682.73876
2011,q3,Servicios,Actividades Inmobiliarias y de Alquiler,Actividades Inmobiliarias y de Alquiler,53907.23917
2011,q4,Servicios,Actividades Inmobiliarias y de Alquiler,Actividades Inmobiliarias y de Alquiler,54747.30662
2012,q1,Servicios,Actividades Inmobiliarias y de Alquiler,Actividades Inmobiliarias y de Alquiler,54795.90271
2012,q2,Servicios,Actividades Inmobiliarias y de Alquiler,Actividades Inmobiliarias y de Alquiler,54729.07932
2012,q3,Servicios,Actividades Inmobiliarias y de Alquiler,Actividades Inmobiliarias y de Alquiler,54171.99424
2012,q4,Servicios,Actividades Inmobiliarias y de Alquiler,Actividades Inmobiliarias y de Alquiler,55151.82293
2013,q1,Servicios,Actividades Inmobiliarias y de Alquiler,Actividades Inmobiliarias y de Alquiler,56758.78507
2013,q2,Servicios,Actividades Inmobiliarias y de Alquiler,Actividades Inmobiliarias y de Alquiler,57405.57904
2013,q3,Servicios,Actividades Inmobiliarias y de Alquiler,Actividades Inmobiliarias y de Alquiler,58645.5938
2013,q4,Servicios,Actividades Inmobiliarias y de Alquiler,Actividades Inmobiliarias y de Alquiler,59968.54609
2014,q1,Servicios,Actividades Inmobiliarias y de Alquiler,Actividades Inmobiliarias y de Alquiler,61610.86823
2014,q2,Servicios,Actividades Inmobiliarias y de Alquiler,Actividades Inmobiliarias y de Alquiler,62257.86026
2014,q3,Servicios,Actividades Inmobiliarias y de Alquiler,Actividades Inmobiliarias y de Alquiler,62762.79564
2014,q4,Servicios,Actividades Inmobiliarias y de Alquiler,Actividades Inmobiliarias y de Alquiler,62369.57439
2015,q1,Servicios,Actividades Inmobiliarias y de Alquiler,Actividades Inmobiliarias y de Alquiler,65248.5082
2015,q2,Servicios,Actividades Inmobiliarias y de Alquiler,Actividades Inmobiliarias y de Alquiler,66107.83962
2015,q3,Servicios,Actividades Inmobiliarias y de Alquiler,Actividades Inmobiliarias y de Alquiler,66742.36043
2015,q4,Servicios,Actividades Inmobiliarias y de Alquiler,Actividades Inmobiliarias y de Alquiler,66267.32516
2016,q1,Servicios,Actividades Inmobiliarias y de Alquiler,Actividades Inmobiliarias y de Alquiler,69280.16848
2016,q2,Servicios,Actividades Inmobiliarias y de Alquiler,Actividades Inmobiliarias y de Alquiler,70050.95804
2016,q3,Servicios,Actividades Inmobiliarias y de Alquiler,Actividades Inmobiliarias y de Alquiler,70632.78574
2007,q1,Servicios,Enseñanza,Enseñanza,10758.50835
2007,q2,Servicios,Enseñanza,Enseñanza,10958.51995
2007,q3,Servicios,Enseñanza,Enseñanza,11626.4328
2007,q4,Servicios,Enseñanza,Enseñanza,12834.84454
2008,q1,Servicios,Enseñanza,Enseñanza,13892.28032
2008,q2,Servicios,Enseñanza,Enseñanza,14120.25449
2008,q3,Servicios,Enseñanza,Enseñanza,11591.53832
2008,q4,Servicios,Enseñanza,Enseñanza,16189.70487
2009,q1,Servicios,Enseñanza,Enseñanza,16134.00613
2009,q2,Servicios,Enseñanza,Enseñanza,15614.3874
2009,q3,Servicios,Enseñanza,Enseñanza,15884.28066
2009,q4,Servicios,Enseñanza,Enseñanza,18107.79606
2010,q1,Servicios,Enseñanza,Enseñanza,17435.09714
2010,q2,Servicios,Enseñanza,Enseñanza,17414.50775
2010,q3,Servicios,Enseñanza,Enseñanza,18472.3718
2010,q4,Servicios,Enseñanza,Enseñanza,21520.2102
2011,q1,Servicios,Enseñanza,Enseñanza,19762.64058
2011,q2,Servicios,Enseñanza,Enseñanza,19253.50768
2011,q3,Servicios,Enseñanza,Enseñanza,18784.64182
2011,q4,Servicios,Enseñanza,Enseñanza,23107.16991
2012,q1,Servicios,Enseñanza,Enseñanza,22268.09515
2012,q2,Servicios,Enseñanza,Enseñanza,22108.29095
2012,q3,Servicios,Enseñanza,Enseñanza,23167.15612
2012,q4,Servicios,Enseñanza,Enseñanza,23798.50962
2013,q1,Servicios,Enseñanza,Enseñanza,27168.67481
2013,q2,Servicios,Enseñanza,Enseñanza,29443.29117
2013,q3,Servicios,Enseñanza,Enseñanza,29227.65381
2013,q4,Servicios,Enseñanza,Enseñanza,30479.93147
2014,q1,Servicios,Enseñanza,Enseñanza,31184.73921
2014,q2,Servicios,Enseñanza,Enseñanza,33107.73454
2014,q3,Servicios,Enseñanza,Enseñanza,33063.23884
2014,q4,Servicios,Enseñanza,Enseñanza,39811.18805
2015,q1,Servicios,Enseñanza,Enseñanza,36914.62494
2015,q2,Servicios,Enseñanza,Enseñanza,39985.00348
2015,q3,Servicios,Enseñanza,Enseñanza,39182.38963
2015,q4,Servicios,Enseñanza,Enseñanza,49816.61412
2016,q1,Servicios,Enseñanza,Enseñanza,43671.06741
2016,q2,Servicios,Enseñanza,Enseñanza,46487.54922
2016,q3,Servicios,Enseñanza,Enseñanza,48623.74298
2007,q1,Servicios,Salud,Salud,7896.929195
2007,q2,Servicios,Salud,Salud,8492.003635
2007,q3,Servicios,Salud,Salud,8533.043536
2007,q4,Servicios,Salud,Salud,9075.632235
2008,q1,Servicios,Salud,Salud,9486.579009
2008,q2,Servicios,Salud,Salud,9326.75127
2008,q3,Servicios,Salud,Salud,9926.668513
2008,q4,Servicios,Salud,Salud,10425.18273
2009,q1,Servicios,Salud,Salud,10245.94924
2009,q2,Servicios,Salud,Salud,10160.76694
2009,q3,Servicios,Salud,Salud,11094.57117
2009,q4,Servicios,Salud,Salud,13064.89754
2010,q1,Servicios,Salud,Salud,12676.29434
2010,q2,Servicios,Salud,Salud,12829.88662
2010,q3,Servicios,Salud,Salud,13199.4191
2010,q4,Servicios,Salud,Salud,14963.50246
2011,q1,Servicios,Salud,Salud,14327.68506
2011,q2,Servicios,Salud,Salud,14705.36526
2011,q3,Servicios,Salud,Salud,15275.7201
2011,q4,Servicios,Salud,Salud,17991.8606
2012,q1,Servicios,Salud,Salud,16142.98948
2012,q2,Servicios,Salud,Salud,16746.13045
2012,q3,Servicios,Salud,Salud,17019.10543
2012,q4,Servicios,Salud,Salud,19168.98842
2013,q1,Servicios,Salud,Salud,17412.22156
2013,q2,Servicios,Salud,Salud,17755.56654
2013,q3,Servicios,Salud,Salud,18414.769
2013,q4,Servicios,Salud,Salud,20466.64418
2014,q1,Servicios,Salud,Salud,19565.74513
2014,q2,Servicios,Salud,Salud,19624.40264
2014,q3,Servicios,Salud,Salud,20889.80379
2014,q4,Servicios,Salud,Salud,23257.87215
2015,q1,Servicios,Salud,Salud,22312.47703
2015,q2,Servicios,Salud,Salud,22598.45363
2015,q3,Servicios,Salud,Salud,23090.68119
2015,q4,Servicios,Salud,Salud,26476.44249
2016,q1,Servicios,Salud,Salud,25507.27649
2016,q2,Servicios,Salud,Salud,25981.80113
2016,q3,Servicios,Salud,Salud,25662.95394
2007,q1,Servicios,Otras Actividades de Servicios de Mercado,Otras Actividades de Servicios de Mercado,28508.47047
2007,q2,Servicios,Otras Actividades de Servicios de Mercado,Otras Actividades de Servicios de Mercado,28910.42335
2007,q3,Servicios,Otras Actividades de Servicios de Mercado,Otras Actividades de Servicios de Mercado,29465.21284
2007,q4,Servicios,Otras Actividades de Servicios de Mercado,Otras Actividades de Servicios de Mercado,29983.27851
2008,q1,Servicios,Otras Actividades de Servicios de Mercado,Otras Actividades de Servicios de Mercado,30162.83903
2008,q2,Servicios,Otras Actividades de Servicios de Mercado,Otras Actividades de Servicios de Mercado,31327.32966
2008,q3,Servicios,Otras Actividades de Servicios de Mercado,Otras Actividades de Servicios de Mercado,33452.22334
2008,q4,Servicios,Otras Actividades de Servicios de Mercado,Otras Actividades de Servicios de Mercado,33992.74644
2009,q1,Servicios,Otras Actividades de Servicios de Mercado,Otras Actividades de Servicios de Mercado,34189.52653
2009,q2,Servicios,Otras Actividades de Servicios de Mercado,Otras Actividades de Servicios de Mercado,34783.98484
2009,q3,Servicios,Otras Actividades de Servicios de Mercado,Otras Actividades de Servicios de Mercado,35921.99304
2009,q4,Servicios,Otras Actividades de Servicios de Mercado,Otras Actividades de Servicios de Mercado,37356.47145
2010,q1,Servicios,Otras Actividades de Servicios de Mercado,Otras Actividades de Servicios de Mercado,39243.15909
2010,q2,Servicios,Otras Actividades de Servicios de Mercado,Otras Actividades de Servicios de Mercado,40226.86907
2010,q3,Servicios,Otras Actividades de Servicios de Mercado,Otras Actividades de Servicios de Mercado,40705.57057
2010,q4,Servicios,Otras Actividades de Servicios de Mercado,Otras Actividades de Servicios de Mercado,41431.17376
2011,q1,Servicios,Otras Actividades de Servicios de Mercado,Otras Actividades de Servicios de Mercado,42246.04146
2011,q2,Servicios,Otras Actividades de Servicios de Mercado,Otras Actividades de Servicios de Mercado,42574.19628
2011,q3,Servicios,Otras Actividades de Servicios de Mercado,Otras Actividades de Servicios de Mercado,43138.02194
2011,q4,Servicios,Otras Actividades de Servicios de Mercado,Otras Actividades de Servicios de Mercado,44016.67273
2012,q1,Servicios,Otras Actividades de Servicios de Mercado,Otras Actividades de Servicios de Mercado,45477.77121
2012,q2,Servicios,Otras Actividades de Servicios de Mercado,Otras Actividades de Servicios de Mercado,46552.21435
2012,q3,Servicios,Otras Actividades de Servicios de Mercado,Otras Actividades de Servicios de Mercado,47799.12938
2012,q4,Servicios,Otras Actividades de Servicios de Mercado,Otras Actividades de Servicios de Mercado,49022.7151
2013,q1,Servicios,Otras Actividades de Servicios de Mercado,Otras Actividades de Servicios de Mercado,50356.67481
2013,q2,Servicios,Otras Actividades de Servicios de Mercado,Otras Actividades de Servicios de Mercado,51275.88517
2013,q3,Servicios,Otras Actividades de Servicios de Mercado,Otras Actividades de Servicios de Mercado,52371.90558
2013,q4,Servicios,Otras Actividades de Servicios de Mercado,Otras Actividades de Servicios de Mercado,53169.73169
2014,q1,Servicios,Otras Actividades de Servicios de Mercado,Otras Actividades de Servicios de Mercado,53879.38912
2014,q2,Servicios,Otras Actividades de Servicios de Mercado,Otras Actividades de Servicios de Mercado,54772.6478
2014,q3,Servicios,Otras Actividades de Servicios de Mercado,Otras Actividades de Servicios de Mercado,55842.43832
2014,q4,Servicios,Otras Actividades de Servicios de Mercado,Otras Actividades de Servicios de Mercado,56615.70813
2015,q1,Servicios,Otras Actividades de Servicios de Mercado,Otras Actividades de Servicios de Mercado,57128.00901
2015,q2,Servicios,Otras Actividades de Servicios de Mercado,Otras Actividades de Servicios de Mercado,58065.61857
2015,q3,Servicios,Otras Actividades de Servicios de Mercado,Otras Actividades de Servicios de Mercado,59328.67456
2015,q4,Servicios,Otras Actividades de Servicios de Mercado,Otras Actividades de Servicios de Mercado,60827.21102
2016,q1,Servicios,Otras Actividades de Servicios de Mercado,Otras Actividades de Servicios de Mercado,62380.46213
2016,q2,Servicios,Otras Actividades de Servicios de Mercado,Otras Actividades de Servicios de Mercado,63540.302
2016,q3,Servicios,Otras Actividades de Servicios de Mercado,Otras Actividades de Servicios de Mercado,64517.61396
2007,q1,Servicios,Administración Pública y Defensa; Seguridad Social de Afiliación Obligatoria y Otros Servicios,Administración Pública y Defensa; Seguridad Social de Afiliación Obligatoria y Otros Servicios,26649.16669
2007,q2,Servicios,Administración Pública y Defensa; Seguridad Social de Afiliación Obligatoria y Otros Servicios,Administración Pública y Defensa; Seguridad Social de Afiliación Obligatoria y Otros Servicios,29167.49494
2007,q3,Servicios,Administración Pública y Defensa; Seguridad Social de Afiliación Obligatoria y Otros Servicios,Administración Pública y Defensa; Seguridad Social de Afiliación Obligatoria y Otros Servicios,30360.65293
2007,q4,Servicios,Administración Pública y Defensa; Seguridad Social de Afiliación Obligatoria y Otros Servicios,Administración Pública y Defensa; Seguridad Social de Afiliación Obligatoria y Otros Servicios,30617.13742
2008,q1,Servicios,Administración Pública y Defensa; Seguridad Social de Afiliación Obligatoria y Otros Servicios,Administración Pública y Defensa; Seguridad Social de Afiliación Obligatoria y Otros Servicios,28500.97789
2008,q2,Servicios,Administración Pública y Defensa; Seguridad Social de Afiliación Obligatoria y Otros Servicios,Administración Pública y Defensa; Seguridad Social de Afiliación Obligatoria y Otros Servicios,32997.18313
2008,q3,Servicios,Administración Pública y Defensa; Seguridad Social de Afiliación Obligatoria y Otros Servicios,Administración Pública y Defensa; Seguridad Social de Afiliación Obligatoria y Otros Servicios,29537.59169
2008,q4,Servicios,Administración Pública y Defensa; Seguridad Social de Afiliación Obligatoria y Otros Servicios,Administración Pública y Defensa; Seguridad Social de Afiliación Obligatoria y Otros Servicios,22428.06948
2009,q1,Servicios,Administración Pública y Defensa; Seguridad Social de Afiliación Obligatoria y Otros Servicios,Administración Pública y Defensa; Seguridad Social de Afiliación Obligatoria y Otros Servicios,29430.60632
2009,q2,Servicios,Administración Pública y Defensa; Seguridad Social de Afiliación Obligatoria y Otros Servicios,Administración Pública y Defensa; Seguridad Social de Afiliación Obligatoria y Otros Servicios,29609.25279
2009,q3,Servicios,Administración Pública y Defensa; Seguridad Social de Afiliación Obligatoria y Otros Servicios,Administración Pública y Defensa; Seguridad Social de Afiliación Obligatoria y Otros Servicios,31334.74098
2009,q4,Servicios,Administración Pública y Defensa; Seguridad Social de Afiliación Obligatoria y Otros Servicios,Administración Pública y Defensa; Seguridad Social de Afiliación Obligatoria y Otros Servicios,29765.15785
2010,q1,Servicios,Administración Pública y Defensa; Seguridad Social de Afiliación Obligatoria y Otros Servicios,Administración Pública y Defensa; Seguridad Social de Afiliación Obligatoria y Otros Servicios,25496.20797
2010,q2,Servicios,Administración Pública y Defensa; Seguridad Social de Afiliación Obligatoria y Otros Servicios,Administración Pública y Defensa; Seguridad Social de Afiliación Obligatoria y Otros Servicios,33496.57766
2010,q3,Servicios,Administración Pública y Defensa; Seguridad Social de Afiliación Obligatoria y Otros Servicios,Administración Pública y Defensa; Seguridad Social de Afiliación Obligatoria y Otros Servicios,37597.68492
2010,q4,Servicios,Administración Pública y Defensa; Seguridad Social de Afiliación Obligatoria y Otros Servicios,Administración Pública y Defensa; Seguridad Social de Afiliación Obligatoria y Otros Servicios,36804.16239
2011,q1,Servicios,Administración Pública y Defensa; Seguridad Social de Afiliación Obligatoria y Otros Servicios,Administración Pública y Defensa; Seguridad Social de Afiliación Obligatoria y Otros Servicios,34929.13825
2011,q2,Servicios,Administración Pública y Defensa; Seguridad Social de Afiliación Obligatoria y Otros Servicios,Administración Pública y Defensa; Seguridad Social de Afiliación Obligatoria y Otros Servicios,33458.91296
2011,q3,Servicios,Administración Pública y Defensa; Seguridad Social de Afiliación Obligatoria y Otros Servicios,Administración Pública y Defensa; Seguridad Social de Afiliación Obligatoria y Otros Servicios,29556.3324
2011,q4,Servicios,Administración Pública y Defensa; Seguridad Social de Afiliación Obligatoria y Otros Servicios,Administración Pública y Defensa; Seguridad Social de Afiliación Obligatoria y Otros Servicios,40819.89847
2012,q1,Servicios,Administración Pública y Defensa; Seguridad Social de Afiliación Obligatoria y Otros Servicios,Administración Pública y Defensa; Seguridad Social de Afiliación Obligatoria y Otros Servicios,37259.77341
2012,q2,Servicios,Administración Pública y Defensa; Seguridad Social de Afiliación Obligatoria y Otros Servicios,Administración Pública y Defensa; Seguridad Social de Afiliación Obligatoria y Otros Servicios,37432.92864
2012,q3,Servicios,Administración Pública y Defensa; Seguridad Social de Afiliación Obligatoria y Otros Servicios,Administración Pública y Defensa; Seguridad Social de Afiliación Obligatoria y Otros Servicios,35274.56458
2012,q4,Servicios,Administración Pública y Defensa; Seguridad Social de Afiliación Obligatoria y Otros Servicios,Administración Pública y Defensa; Seguridad Social de Afiliación Obligatoria y Otros Servicios,38413.24297
2013,q1,Servicios,Administración Pública y Defensa; Seguridad Social de Afiliación Obligatoria y Otros Servicios,Administración Pública y Defensa; Seguridad Social de Afiliación Obligatoria y Otros Servicios,39042.58578
2013,q2,Servicios,Administración Pública y Defensa; Seguridad Social de Afiliación Obligatoria y Otros Servicios,Administración Pública y Defensa; Seguridad Social de Afiliación Obligatoria y Otros Servicios,34050.27338
2013,q3,Servicios,Administración Pública y Defensa; Seguridad Social de Afiliación Obligatoria y Otros Servicios,Administración Pública y Defensa; Seguridad Social de Afiliación Obligatoria y Otros Servicios,40183.80508
2013,q4,Servicios,Administración Pública y Defensa; Seguridad Social de Afiliación Obligatoria y Otros Servicios,Administración Pública y Defensa; Seguridad Social de Afiliación Obligatoria y Otros Servicios,50953.97583
2014,q1,Servicios,Administración Pública y Defensa; Seguridad Social de Afiliación Obligatoria y Otros Servicios,Administración Pública y Defensa; Seguridad Social de Afiliación Obligatoria y Otros Servicios,42460.08926
2014,q2,Servicios,Administración Pública y Defensa; Seguridad Social de Afiliación Obligatoria y Otros Servicios,Administración Pública y Defensa; Seguridad Social de Afiliación Obligatoria y Otros Servicios,44062.86533
2014,q3,Servicios,Administración Pública y Defensa; Seguridad Social de Afiliación Obligatoria y Otros Servicios,Administración Pública y Defensa; Seguridad Social de Afiliación Obligatoria y Otros Servicios,43631.33641
2014,q4,Servicios,Administración Pública y Defensa; Seguridad Social de Afiliación Obligatoria y Otros Servicios,Administración Pública y Defensa; Seguridad Social de Afiliación Obligatoria y Otros Servicios,51458.16618
2015,q1,Servicios,Administración Pública y Defensa; Seguridad Social de Afiliación Obligatoria y Otros Servicios,Administración Pública y Defensa; Seguridad Social de Afiliación Obligatoria y Otros Servicios,52114.46704
2015,q2,Servicios,Administración Pública y Defensa; Seguridad Social de Afiliación Obligatoria y Otros Servicios,Administración Pública y Defensa; Seguridad Social de Afiliación Obligatoria y Otros Servicios,51787.83439
2015,q3,Servicios,Administración Pública y Defensa; Seguridad Social de Afiliación Obligatoria y Otros Servicios,Administración Pública y Defensa; Seguridad Social de Afiliación Obligatoria y Otros Servicios,51542.51369
2015,q4,Servicios,Administración Pública y Defensa; Seguridad Social de Afiliación Obligatoria y Otros Servicios,Administración Pública y Defensa; Seguridad Social de Afiliación Obligatoria y Otros Servicios,61809.14094
2016,q1,Servicios,Administración Pública y Defensa; Seguridad Social de Afiliación Obligatoria y Otros Servicios,Administración Pública y Defensa; Seguridad Social de Afiliación Obligatoria y Otros Servicios,53692.27306
2016,q2,Servicios,Administración Pública y Defensa; Seguridad Social de Afiliación Obligatoria y Otros Servicios,Administración Pública y Defensa; Seguridad Social de Afiliación Obligatoria y Otros Servicios,58148.5366
2016,q3,Servicios,Administración Pública y Defensa; Seguridad Social de Afiliación Obligatoria y Otros Servicios,Administración Pública y Defensa; Seguridad Social de Afiliación Obligatoria y Otros Servicios,59262.90982
2007,q1,impuestos,impuestos,impuestos,26649.16669
2007,q2,impuestos,impuestos,impuestos,29167.49494
2007,q3,impuestos,impuestos,impuestos,30360.65293
2007,q4,impuestos,impuestos,impuestos,30617.13742
2008,q1,impuestos,impuestos,impuestos,28500.97789
2008,q2,impuestos,impuestos,impuestos,32997.18313
2008,q3,impuestos,impuestos,impuestos,29537.59169
2008,q4,impuestos,impuestos,impuestos,22428.06948
2009,q1,impuestos,impuestos,impuestos,29430.60632
2009,q2,impuestos,impuestos,impuestos,29609.25279
2009,q3,impuestos,impuestos,impuestos,31334.74098
2009,q4,impuestos,impuestos,impuestos,29765.15785
2010,q1,impuestos,impuestos,impuestos,25496.20797
2010,q2,impuestos,impuestos,impuestos,33496.57766
2010,q3,impuestos,impuestos,impuestos,37597.68492
2010,q4,impuestos,impuestos,impuestos,36804.16239
2011,q1,impuestos,impuestos,impuestos,34929.13825
2011,q2,impuestos,impuestos,impuestos,33458.91296
2011,q3,impuestos,impuestos,impuestos,29556.3324
2011,q4,impuestos,impuestos,impuestos,40819.89847
2012,q1,impuestos,impuestos,impuestos,37259.77341
2012,q2,impuestos,impuestos,impuestos,37432.92864
2012,q3,impuestos,impuestos,impuestos,35274.56458
2012,q4,impuestos,impuestos,impuestos,38413.24297
2013,q1,impuestos,impuestos,impuestos,39042.58578
2013,q2,impuestos,impuestos,impuestos,34050.27338
2013,q3,impuestos,impuestos,impuestos,40183.80508
2013,q4,impuestos,impuestos,impuestos,50953.97583
2014,q1,impuestos,impuestos,impuestos,42460.08926
2014,q2,impuestos,impuestos,impuestos,44062.86533
2014,q3,impuestos,impuestos,impuestos,43631.33641
2014,q4,impuestos,impuestos,impuestos,51458.16618
2015,q1,impuestos,impuestos,impuestos,52114.46704
2015,q2,impuestos,impuestos,impuestos,51787.83439
2015,q3,impuestos,impuestos,impuestos,51542.51369
2015,q4,impuestos,impuestos,impuestos,61809.14094
2016,q1,impuestos,impuestos,impuestos,53692.27306
2016,q2,impuestos,impuestos,impuestos,58148.5366
2016,q3,impuestos,impuestos,impuestos,59262.90982
